symbol,month,return
AZN.L,2015-02-01,-0.05911452833412955
BATS.L,2015-02-01,0.007964072507047929
BP.L,2015-02-01,0.05425990975401981
DGE.L,2015-02-01,-0.017556632861188103
GSK.L,2015-02-01,0.04971946366418835
HSBA.L,2015-02-01,-0.054441169217220156
LSEG.L,2015-02-01,0.04748036088425678
NG.L,2015-02-01,-0.05368728703104856
RIO.L,2015-02-01,0.08735356691664825
SHEL.L,2015-02-01,0.04851112237760023
ULVR.L,2015-02-01,-0.02200582794795642
VOD.L,2015-02-01,-0.04402547751995533
^FTSE,2015-02-01,0.02881315721008347
AZN.L,2015-03-01,0.034524051086439494
BATS.L,2015-03-01,-0.08051627219287688
BP.L,2015-03-01,-0.025658043935711715
DGE.L,2015-03-01,-0.040057918866070595
GSK.L,2015-03-01,0.002915278132629874
HSBA.L,2015-03-01,-0.0055042072081483455
LSEG.L,2015-03-01,-0.008503407900693323
NG.L,2015-03-01,-0.025011129939365575
RIO.L,2015-03-01,-0.14082517531610064
SHEL.L,2015-03-01,-0.0533332307585236
ULVR.L,2015-03-01,-0.017955231185600686
VOD.L,2015-03-01,-0.01775926919119297
^FTSE,2015-03-01,-0.02532263455313623
AZN.L,2015-04-01,-0.02850149518697141
BATS.L,2015-04-01,0.029376723410080637
BP.L,2015-04-01,0.07369854429251987
DGE.L,2015-04-01,-0.02615256612930883
GSK.L,2015-04-01,-0.020585777469951654
HSBA.L,2015-04-01,0.12141565071596391
LSEG.L,2015-04-01,0.035946123742869325
NG.L,2015-04-01,0.016402056298043415
RIO.L,2015-04-01,0.039956221405910916
SHEL.L,2015-04-01,0.025323991213296485
ULVR.L,2015-04-01,0.018032143088011342
VOD.L,2015-04-01,0.04479697819048057
^FTSE,2015-04-01,0.02732157132437328
AZN.L,2015-05-01,-0.027964553706589686
BATS.L,2015-05-01,0.0036118819068158225
BP.L,2015-05-01,-0.04189440017656911
DGE.L,2015-05-01,0.002205761867852217
GSK.L,2015-05-01,-0.040948334429226414
HSBA.L,2015-05-01,-0.039877835059528445
LSEG.L,2015-05-01,-0.03670743667292446
NG.L,2015-05-01,0.06069154746666424
RIO.L,2015-05-01,-0.010103179941559716
SHEL.L,2015-05-01,-0.05807954543020834
ULVR.L,2015-05-01,0.007300502266244485
VOD.L,2015-05-01,0.1021671723583041
^FTSE,2015-05-01,0.0034133851266424757
AZN.L,2015-06-01,-0.0843016814334076
BATS.L,2015-06-01,-0.054283086335967574
BP.L,2015-06-01,-0.070301269555688
DGE.L,2015-06-01,0.013947977028686121
GSK.L,2015-06-01,-0.09445090564807958
HSBA.L,2015-06-01,-0.08825283182491622
LSEG.L,2015-06-01,-0.03605162627532097
NG.L,2015-06-01,-0.1333098066743597
RIO.L,2015-06-01,-0.0885403861692861
SHEL.L,2015-06-01,-0.08397487381236549
ULVR.L,2015-06-01,-0.05591605760313366
VOD.L,2015-06-01,-0.1048960204611567
^FTSE,2015-06-01,-0.06865133827271724
AZN.L,2015-07-01,0.0722223467703235
BATS.L,2015-07-01,0.10708688238914611
BP.L,2015-07-01,-0.06058730459675466
DGE.L,2015-07-01,-0.02837259148185295
GSK.L,2015-07-01,0.054087570697896444
HSBA.L,2015-07-01,0.016698449174323803
LSEG.L,2015-07-01,0.09684373576548971
NG.L,2015-07-01,0.04299296231869686
RIO.L,2015-07-01,-0.050005473179815976
SHEL.L,2015-07-01,0.029507053720210497
ULVR.L,2015-07-01,0.0628196611573091
VOD.L,2015-07-01,0.05089079940123342
^FTSE,2015-07-01,0.026527367472646904
AZN.L,2015-08-01,-0.047268015087314194
BATS.L,2015-08-01,-0.08838404090397904
BP.L,2015-08-01,-0.09236644708959099
DGE.L,2015-08-01,-0.03361846832047244
GSK.L,2015-08-01,-0.040402070712318036
HSBA.L,2015-08-01,-0.11106986751028518
LSEG.L,2015-08-01,-0.03543058616208367
NG.L,2015-08-01,0.008171932319569721
RIO.L,2015-08-01,-0.04015008127199462
SHEL.L,2015-08-01,-0.08191780818547419
ULVR.L,2015-08-01,-0.10272760789914515
VOD.L,2015-08-01,-0.06469001793889645
^FTSE,2015-08-01,-0.06930971422630144
AZN.L,2015-09-01,0.014816533291404659
BATS.L,2015-09-01,0.046062654841463054
BP.L,2015-09-01,-0.07635087629224224
DGE.L,2015-09-01,0.02314083104205469
GSK.L,2015-09-01,-0.05718028163368769
HSBA.L,2015-09-01,-0.03932150902302216
LSEG.L,2015-09-01,-0.040904774794324486
NG.L,2015-09-01,0.06612857304202696
RIO.L,2015-09-01,-0.07746385477656895
SHEL.L,2015-09-01,-0.0868506535224385
ULVR.L,2015-09-01,0.023733777463508635
VOD.L,2015-09-01,-0.08392839830869984
^FTSE,2015-09-01,-0.030271583911745184
AZN.L,2015-10-01,-0.007441182849775838
BATS.L,2015-10-01,0.057730095265280196
BP.L,2015-10-01,0.14573175253667273
DGE.L,2015-10-01,0.05921152676306862
GSK.L,2015-10-01,0.10417494342695237
HSBA.L,2015-10-01,0.017817734643672468
LSEG.L,2015-10-01,0.050776500405254686
NG.L,2015-10-01,0.006400219283639071
RIO.L,2015-10-01,0.06503346287727475
SHEL.L,2015-10-01,0.08389612934170641
ULVR.L,2015-10-01,0.07432171256055889
VOD.L,2015-10-01,0.02744450603178524
^FTSE,2015-10-01,0.04822752597814877
AZN.L,2015-11-01,0.08140418056895023
BATS.L,2015-11-01,0.002199771381463297
BP.L,2015-11-01,-0.0028154852201661197
DGE.L,2015-11-01,0.01662968872275358
GSK.L,2015-11-01,-0.03569549480762651
HSBA.L,2015-11-01,0.042239428036763664
LSEG.L,2015-11-01,0.04042917538357537
NG.L,2015-11-01,0.0012264281728480027
RIO.L,2015-11-01,-0.06571238414670733
SHEL.L,2015-11-01,-0.028017032211001932
ULVR.L,2015-11-01,-0.020604876650182975
VOD.L,2015-11-01,0.04578221289303344
^FTSE,2015-11-01,-7.863366434191554e-4
AZN.L,2015-12-01,0.025004049864810272
BATS.L,2015-12-01,-0.025397385852408555
BP.L,2015-12-01,-0.0845954181429223
DGE.L,2015-12-01,-0.028410200015855785
GSK.L,2015-12-01,0.012827696030336507
HSBA.L,2015-12-01,0.01257417957689232
LSEG.L,2015-12-01,0.03485698454938839
NG.L,2015-12-01,0.012558588994638267
RIO.L,2015-12-01,-0.10946923627443429
SHEL.L,2015-12-01,-0.07387387365225132
ULVR.L,2015-12-01,0.03211807832535401
VOD.L,2015-12-01,-0.014598975690921905
^FTSE,2015-12-01,-0.01806632415652914
AZN.L,2016-01-01,-0.02834127870847135
BATS.L,2016-01-01,0.032866967776593196
BP.L,2016-01-01,0.06055788296527955
DGE.L,2016-01-01,0.014969437464376744
GSK.L,2016-01-01,0.04695042720925647
HSBA.L,2016-01-01,-0.08541880052564992
LSEG.L,2016-01-01,-0.10358056861476683
NG.L,2016-01-01,0.050236466225844434
RIO.L,2016-01-01,-0.1440143738512649
SHEL.L,2016-01-01,-0.0052560166160834825
ULVR.L,2016-01-01,0.05274449742835447
VOD.L,2016-01-01,0.013036791759960616
^FTSE,2016-01-01,-0.025719204280650325
AZN.L,2016-02-01,-0.08829663617561395
BATS.L,2016-02-01,0.007286614038668971
BP.L,2016-02-01,-0.06757479369186893
DGE.L,2016-02-01,-0.013502748215604194
GSK.L,2016-02-01,-0.02745884523739255
HSBA.L,2016-02-01,-0.06862320510914773
LSEG.L,2016-02-01,0.0792341652965994
NG.L,2016-02-01,-0.022880634586526723
RIO.L,2016-02-01,0.1055231864682305
SHEL.L,2016-02-01,0.08206452641719938
ULVR.L,2016-02-01,0.0023466102406668435
VOD.L,2016-02-01,-0.01893655789052482
^FTSE,2016-02-01,0.002183795673734872
AZN.L,2016-03-01,-0.05107546120802145
BATS.L,2016-03-01,0.04130527290085105
BP.L,2016-03-01,-0.0037062250288101167
DGE.L,2016-03-01,0.012030703710338339
GSK.L,2016-03-01,0.008892129936685277
HSBA.L,2016-03-01,-0.05733758180350113
LSEG.L,2016-03-01,0.0516666002641579
NG.L,2016-03-01,0.024299743087797348
RIO.L,2016-03-01,0.02668883341671947
SHEL.L,2016-03-01,0.021913074856383774
ULVR.L,2016-03-01,0.019377595608102566
VOD.L,2016-03-01,0.006804116647243893
^FTSE,2016-03-01,0.012679407918943635
AZN.L,2016-04-01,0.00651293429354792
BATS.L,2016-04-01,0.019370940132592936
BP.L,2016-04-01,0.06522578716755441
DGE.L,2016-04-01,-0.019048138684646568
GSK.L,2016-04-01,0.03274435259766921
HSBA.L,2016-04-01,0.041973824208331685
LSEG.L,2016-04-01,-0.03868220604584695
NG.L,2016-04-01,-0.012640424222405732
RIO.L,2016-04-01,0.16248069984791316
SHEL.L,2016-04-01,0.055160497540731664
ULVR.L,2016-04-01,-0.031493827052630013
VOD.L,2016-04-01,-0.009082342423080767
^FTSE,2016-04-01,0.010791935332839604
AZN.L,2016-05-01,0.025139720278368423
BATS.L,2016-05-01,0.006692306631853102
BP.L,2016-05-01,-0.04496046260717866
DGE.L,2016-05-01,0.013184320447144375
GSK.L,2016-05-01,-0.009482131877657179
HSBA.L,2016-05-01,-0.016428024734365387
LSEG.L,2016-05-01,0.008174602979656526
NG.L,2016-05-01,0.03249911539210793
RIO.L,2016-05-01,-0.16915086798478232
SHEL.L,2016-05-01,-0.07083156892218168
ULVR.L,2016-05-01,0.029515768485226912
VOD.L,2016-05-01,0.05178358263311599
^FTSE,2016-05-01,-0.001779903444716175
AZN.L,2016-06-01,0.10344713072681472
BATS.L,2016-06-01,0.1429266149918388
BP.L,2016-06-01,0.20412539791733747
DGE.L,2016-06-01,0.10928246518623778
GSK.L,2016-06-01,0.10470295733389406
HSBA.L,2016-06-01,0.045784493996156
LSEG.L,2016-06-01,-0.07751708096203844
NG.L,2016-06-01,0.08495059111317363
RIO.L,2016-06-01,0.16632115828514937
SHEL.L,2016-06-01,0.21130902672383212
ULVR.L,2016-06-01,0.1289513292021314
VOD.L,2016-06-01,-0.0136224245270537
^FTSE,2016-06-01,0.04295876249078764
AZN.L,2016-07-01,0.12227505086334253
BATS.L,2016-07-01,-0.003827582897627126
BP.L,2016-07-01,-0.026128682903696875
DGE.L,2016-07-01,0.03508293871133002
GSK.L,2016-07-01,0.05073203562177371
HSBA.L,2016-07-01,0.060788891368060836
LSEG.L,2016-07-01,0.09203618006365517
NG.L,2016-07-01,-0.011932270916491572
RIO.L,2016-07-01,0.07047426534855078
SHEL.L,2016-07-01,-0.051871846374265555
ULVR.L,2016-07-01,-0.012794368036765313
VOD.L,2016-07-01,0.00831148179430791
^FTSE,2016-07-01,0.03327922103929005
AZN.L,2016-08-01,-0.027788855069999785
BATS.L,2016-08-01,-0.02073586937716806
BP.L,2016-08-01,0.002638858180400781
DGE.L,2016-08-01,-0.024427373518804814
GSK.L,2016-08-01,-0.029318864709656386
HSBA.L,2016-08-01,0.13096688020528427
LSEG.L,2016-08-01,-0.007190704852420832
NG.L,2016-08-01,-0.03428386161120995
RIO.L,2016-08-01,-0.06729213880089922
SHEL.L,2016-08-01,-0.04371849159440456
ULVR.L,2016-08-01,-0.0011929475082515714
VOD.L,2016-08-01,0.0013061000544176402
^FTSE,2016-08-01,0.008455628766537162
AZN.L,2016-09-01,0.01916735412998931
BATS.L,2016-09-01,0.0424713480080921
BP.L,2016-09-01,0.05035814677573329
DGE.L,2016-09-01,0.04724223948154933
GSK.L,2016-09-01,0.002437062800916748
HSBA.L,2016-09-01,0.025198040440783286
LSEG.L,2016-09-01,0.01620212602192683
NG.L,2016-09-01,0.042559798019090544
RIO.L,2016-09-01,0.11231165322129341
SHEL.L,2016-09-01,0.028350107416442304
ULVR.L,2016-09-01,0.03494451414385296
VOD.L,2016-09-01,-0.03587641019032771
^FTSE,2016-09-01,0.017221612451861427
AZN.L,2016-10-01,-0.08679331162463981
BATS.L,2016-10-01,-0.04958682583339779
BP.L,2016-10-01,0.07221719891421163
DGE.L,2016-10-01,-0.014123117169828602
GSK.L,2016-10-01,-0.01502377008582922
HSBA.L,2016-10-01,0.06291648391623958
LSEG.L,2016-10-01,0.0035649058791263704
NG.L,2016-10-01,-0.02503616084767806
RIO.L,2016-10-01,0.09797255404423588
SHEL.L,2016-10-01,0.063019038114548
ULVR.L,2016-10-01,-0.06681551646716302
VOD.L,2016-10-01,0.013660557817276181
^FTSE,2016-10-01,0.007925892810802143
AZN.L,2016-11-01,-0.10045629713630295
BATS.L,2016-11-01,-0.06562586456185465
BP.L,2016-11-01,-0.05126174703035079
DGE.L,2016-11-01,-0.08345155352608766
GSK.L,2016-11-01,-0.07889247110093997
HSBA.L,2016-11-01,0.03036806348051608
LSEG.L,2016-11-01,-0.0223112704049522
NG.L,2016-11-01,-0.1536255313372174
RIO.L,2016-11-01,0.05164549821956589
SHEL.L,2016-11-01,-0.005971629678933898
ULVR.L,2016-11-01,-0.06715551112852611
VOD.L,2016-11-01,-0.14766678833680016
^FTSE,2016-11-01,-0.024808433551363786
AZN.L,2016-12-01,0.06710325073500464
BATS.L,2016-12-01,0.050593276238575235
BP.L,2016-12-01,0.10359606092554154
DGE.L,2016-12-01,0.051043853469286145
GSK.L,2016-12-01,0.043506394567038954
HSBA.L,2016-12-01,0.03359202086468153
LSEG.L,2016-12-01,0.05865368794772474
NG.L,2016-12-01,0.04118987759373087
RIO.L,2016-12-01,0.05482381313309659
SHEL.L,2016-12-01,0.10152799530939766
ULVR.L,2016-12-01,0.029747067588468706
VOD.L,2016-12-01,0.030224653798429
^FTSE,2016-12-01,0.0515674408649313
AZN.L,2017-01-01,-0.056436160597022764
BATS.L,2017-01-01,0.05841356719289459
BP.L,2017-01-01,-0.07484764442695845
DGE.L,2017-01-01,0.043358886754804
GSK.L,2017-01-01,-0.02200727903562065
HSBA.L,2017-01-01,0.029252694048167726
LSEG.L,2017-01-01,0.08452019560557579
NG.L,2017-01-01,-0.025436397704927345
RIO.L,2017-01-01,0.1000909342276727
SHEL.L,2017-01-01,-0.043286830992261056
ULVR.L,2017-01-01,-0.019939342038224856
VOD.L,2017-01-01,-0.027906505424558095
^FTSE,2017-01-01,-0.006122699842453058
AZN.L,2017-02-01,0.10224196867999573
BATS.L,2017-02-01,0.03617800768749696
BP.L,2017-02-01,-0.041494647114482405
DGE.L,2017-02-01,0.028954708311263164
GSK.L,2017-02-01,0.07577510710266325
HSBA.L,2017-02-01,-0.04496566000714741
LSEG.L,2017-02-01,-0.02976685564536064
NG.L,2017-02-01,0.052290216138404726
RIO.L,2017-02-01,-0.05689636965742242
SHEL.L,2017-02-01,-0.0319991824275809
ULVR.L,2017-02-01,0.16836787381527976
VOD.L,2017-02-01,0.0381119077494526
^FTSE,2017-02-01,0.022865896169166396
AZN.L,2017-03-01,0.05620673097317925
BATS.L,2017-03-01,0.04262328909057255
BP.L,2017-03-01,0.0087807848608401
DGE.L,2017-03-01,0.00681101209409357
GSK.L,2017-03-01,0.006954197967416724
HSBA.L,2017-03-01,0.006782520951136626
LSEG.L,2017-03-01,0.029766855645360576
NG.L,2017-03-01,0.03616634893967505
RIO.L,2017-03-01,-0.02689794604048347
SHEL.L,2017-03-01,0.007903485472081601
ULVR.L,2017-03-01,0.031065143201236843
VOD.L,2017-03-01,0.030246243924097558
^FTSE,2017-03-01,0.008158385720756679
AZN.L,2017-04-01,-0.05760763143148914
BATS.L,2017-04-01,-0.016167712554654108
BP.L,2017-04-01,-0.033445286849837545
DGE.L,2017-04-01,-0.016335856321350217
GSK.L,2017-04-01,-0.06826164971335104
HSBA.L,2017-04-01,-0.022371773968547882
LSEG.L,2017-04-01,0.06471569072209486
NG.L,2017-04-01,-0.013409567743054355
RIO.L,2017-04-01,-0.04704679058495394
SHEL.L,2017-04-01,-0.04563429419171941
ULVR.L,2017-04-01,0.008216157596310615
VOD.L,2017-04-01,-0.044462791132688466
^FTSE,2017-04-01,-0.016383878560117315
AZN.L,2017-05-01,0.12100036835126869
BATS.L,2017-05-01,0.05864882485743102
BP.L,2017-05-01,0.053414182998071665
DGE.L,2017-05-01,0.035206477690180864
GSK.L,2017-05-01,0.09457540955530523
HSBA.L,2017-05-01,0.05973265919566907
LSEG.L,2017-05-01,0.012431879670413894
NG.L,2017-05-01,-6.174506549220898e-4
RIO.L,2017-05-01,0.013139728126421845
SHEL.L,2017-05-01,0.04771071689306561
ULVR.L,2017-05-01,0.08672284249720458
VOD.L,2017-05-01,0.15102379254771908
^FTSE,2017-05-01,0.0429436054775323
AZN.L,2017-06-01,-0.01909583668592961
BATS.L,2017-06-01,-0.05501183868227194
BP.L,2017-06-01,-0.052568413411159566
DGE.L,2017-06-01,-0.02546113861723058
GSK.L,2017-06-01,-0.040736421671235507
HSBA.L,2017-06-01,0.052055389526719786
LSEG.L,2017-06-01,0.06252925434793466
NG.L,2017-06-01,-0.13487378193883828
RIO.L,2017-06-01,0.043982200683784674
SHEL.L,2017-06-01,-0.0314413394341103
ULVR.L,2017-06-01,-0.04160147290831513
VOD.L,2017-06-01,-0.06084106488945458
^FTSE,2017-06-01,-0.027953548641768442
AZN.L,2017-07-01,-0.11678554696587858
BATS.L,2017-07-01,-0.10474488998636063
BP.L,2017-07-01,0.0067524265474702356
DGE.L,2017-07-01,0.07635688972433019
GSK.L,2017-07-01,-0.07686349243481573
HSBA.L,2017-07-01,0.06170684419156148
LSEG.L,2017-07-01,0.027591593766504715
NG.L,2017-07-01,-0.015884945309093068
RIO.L,2017-07-01,0.08227065502572978
SHEL.L,2017-07-01,0.04703314856095934
ULVR.L,2017-07-01,0.03929015644704194
VOD.L,2017-07-01,0.019329739315693446
^FTSE,2017-07-01,0.008076450487596847
AZN.L,2017-08-01,-0.005994451966152538
BATS.L,2017-08-01,0.02473719027995598
BP.L,2017-08-01,-0.0012964298108012857
DGE.L,2017-08-01,0.057106169799328685
GSK.L,2017-08-01,0.012624116493979947
HSBA.L,2017-08-01,-0.008524415733642335
LSEG.L,2017-08-01,0.052529537871327796
NG.L,2017-08-01,0.0396599609189185
RIO.L,2017-08-01,0.06259206420081101
SHEL.L,2017-08-01,-0.002652761798424582
ULVR.L,2017-08-01,0.044766088586805274
VOD.L,2017-08-01,-0.0027067272582919923
^FTSE,2017-08-01,0.007917582505342372
AZN.L,2017-09-01,0.08725012183039822
BATS.L,2017-09-01,-0.033466492970702144
BP.L,2017-09-01,0.06973373373920247
DGE.L,2017-09-01,-0.05511798474012928
GSK.L,2017-09-01,-0.029784171311796358
HSBA.L,2017-09-01,-0.018016013816893977
LSEG.L,2017-09-01,-0.030850800596283794
NG.L,2017-09-01,-0.05276860663182147
RIO.L,2017-09-01,-0.07580315959415358
SHEL.L,2017-09-01,0.05555090276683261
ULVR.L,2017-09-01,-0.045266610371594844
VOD.L,2017-09-01,-0.05859387686581607
^FTSE,2017-09-01,-0.007809096164547087
AZN.L,2017-10-01,0.015420387628576853
BATS.L,2017-10-01,0.04171217484653255
BP.L,2017-10-01,0.06665751052988762
DGE.L,2017-10-01,0.0473719145697588
GSK.L,2017-10-01,-0.09212428346272467
HSBA.L,2017-10-01,-0.003705344967749805
LSEG.L,2017-10-01,-0.01818000045337806
NG.L,2017-10-01,-0.02032188106231751
RIO.L,2017-10-01,0.021506032111859866
SHEL.L,2017-10-01,0.05072605133273712
ULVR.L,2017-10-01,-0.011527420351576381
VOD.L,2017-10-01,0.03204789944319173
^FTSE,2017-10-01,0.01618508396697428
AZN.L,2017-11-01,-0.05200460538445101
BATS.L,2017-11-01,-0.03807953654130046
BP.L,2017-11-01,-0.04209373317566994
DGE.L,2017-11-01,-0.0013614265373236394
GSK.L,2017-11-01,-0.05900225190005121
HSBA.L,2017-11-01,-4.085551538242184e-4
LSEG.L,2017-11-01,0.004774413346487237
NG.L,2017-11-01,-0.023291958543814797
RIO.L,2017-11-01,-0.013333421194969162
SHEL.L,2017-11-01,-0.0032417720931228943
ULVR.L,2017-11-01,-0.02494118767549001
VOD.L,2017-11-01,0.03974492637382127
^FTSE,2017-11-01,-0.022457373570157767
AZN.L,2017-12-01,0.06953700393339879
BATS.L,2017-12-01,0.0678985398650964
BP.L,2017-12-01,0.06644075451477248
DGE.L,2017-12-01,0.05914620964939838
GSK.L,2017-12-01,0.03305491556658411
HSBA.L,2017-12-01,0.043847491026755246
LSEG.L,2017-12-01,0.0036980590355366856
NG.L,2017-12-01,-0.011249495415895113
RIO.L,2017-12-01,0.11849675305150179
SHEL.L,2017-12-01,0.05065696840017043
ULVR.L,2017-12-01,-0.00928885814204614
VOD.L,2017-12-01,0.046601102743918356
^FTSE,2017-12-01,0.04810939481074708
AZN.L,2018-01-01,-0.0468736659958447
BATS.L,2018-01-01,-0.04046484751629895
BP.L,2018-01-01,-0.04220211831109266
DGE.L,2018-01-01,-0.07326161561390375
GSK.L,2018-01-01,-0.001589307356796139
HSBA.L,2018-01-01,-0.020817811128352966
LSEG.L,2018-01-01,0.03471850099459928
NG.L,2018-01-01,-0.0838685500800732
RIO.L,2018-01-01,-0.005086454765035369
SHEL.L,2018-01-01,-0.007081784282367784
ULVR.L,2018-01-01,-0.030893035405162972
VOD.L,2018-01-01,-0.045264398297040445
^FTSE,2018-01-01,-0.020261603179458954
AZN.L,2018-02-01,-0.02280562911358487
BATS.L,2018-02-01,-0.11499819785901245
BP.L,2018-02-01,-0.05302398954627878
DGE.L,2018-02-01,-0.028945901620184858
GSK.L,2018-02-01,-0.009831980094467556
HSBA.L,2018-02-01,-0.04612593352764553
LSEG.L,2018-02-01,0.02539423292393866
NG.L,2018-02-01,-0.0835490615380396
RIO.L,2018-02-01,0.0010193503033797604
SHEL.L,2018-02-01,-0.06768434352560136
ULVR.L,2018-02-01,-0.06886074824749963
VOD.L,2018-02-01,-0.09742735291167191
^FTSE,2018-02-01,-0.040871246119369244
AZN.L,2018-03-01,0.02492242368316014
BATS.L,2018-03-01,-0.03892242640257058
BP.L,2018-03-01,0.008591815119357887
DGE.L,2018-03-01,-0.019704921670979564
GSK.L,2018-03-01,0.06428983203919439
HSBA.L,2018-03-01,-0.0748266116124803
LSEG.L,2018-03-01,0.02403843276426205
NG.L,2018-03-01,0.0804373601092574
RIO.L,2018-03-01,-0.08330662059932996
SHEL.L,2018-03-01,-0.029774367906067963
ULVR.L,2018-03-01,0.05776107279191088
VOD.L,2018-03-01,-0.047902295319028385
^FTSE,2018-03-01,-0.024538419115203877
AZN.L,2018-04-01,0.041512168087944154
BATS.L,2018-04-01,-0.03247538027707867
BP.L,2018-04-01,0.1156361214780436
DGE.L,2018-04-01,0.0708153826528544
GSK.L,2018-04-01,0.04721776230341932
HSBA.L,2018-04-01,0.08633469302738106
LSEG.L,2018-04-01,0.041306736698002514
NG.L,2018-04-01,0.04937190051331377
RIO.L,2018-04-01,0.08871768754263726
SHEL.L,2018-04-01,0.1250451429098813
ULVR.L,2018-04-01,0.030376934745930916
VOD.L,2018-04-01,0.08570620861002932
^FTSE,2018-04-01,0.06217886342589695
AZN.L,2018-05-01,0.06871850373391394
BATS.L,2018-05-01,-0.0330484201147969
BP.L,2018-05-01,0.06889989105347759
DGE.L,2018-05-01,0.06486439126501146
GSK.L,2018-05-01,0.04210282123841397
HSBA.L,2018-05-01,-0.006536997650317682
LSEG.L,2018-05-01,0.040423294674711625
NG.L,2018-05-01,-0.011016116464796206
RIO.L,2018-05-01,0.07186097856370363
SHEL.L,2018-05-01,0.02971894890305719
ULVR.L,2018-05-01,0.016868029319108337
VOD.L,2018-05-01,-0.09814016527001787
^FTSE,2018-05-01,0.02224294375894448
AZN.L,2018-06-01,-0.039747819851134736
BATS.L,2018-06-01,-0.010002111956948273
BP.L,2018-06-01,0.003464288955246368
DGE.L,2018-06-01,-0.014769234249717366
GSK.L,2018-06-01,0.0037987302684197315
HSBA.L,2018-06-01,-0.01383342643811382
LSEG.L,2018-06-01,-0.0013411490012548608
NG.L,2018-06-01,0.006101547631261248
RIO.L,2018-06-01,-0.009240946981267838
SHEL.L,2018-06-01,0.008403552721437946
ULVR.L,2018-06-01,0.010913697429637161
VOD.L,2018-06-01,-0.042137853761709865
^FTSE,2018-06-01,-0.0053934212405635324
AZN.L,2018-07-01,0.11020326160277456
BATS.L,2018-07-01,0.09245776166622639
BP.L,2018-07-01,-0.008683329293460534
DGE.L,2018-07-01,0.028966589421982044
GSK.L,2018-07-01,0.033300003029378626
HSBA.L,2018-07-01,0.02747860059269726
LSEG.L,2018-07-01,-0.016689707384224536
NG.L,2018-07-01,-0.030395139747935594
RIO.L,2018-07-01,-0.0010717340897842867
SHEL.L,2018-07-01,-0.0053393764699453256
ULVR.L,2018-07-01,0.03814639662093276
VOD.L,2018-07-01,0.011789623300769013
^FTSE,2018-07-01,0.01454621857513028
AZN.L,2018-08-01,-0.01189289021026709
BATS.L,2018-08-01,-0.12119566895711423
BP.L,2018-08-01,-0.046274815532034504
DGE.L,2018-08-01,-0.038978182405714434
GSK.L,2018-08-01,-0.013348771278201709
HSBA.L,2018-08-01,-0.0879864692969889
LSEG.L,2018-08-01,0.050376280071144905
NG.L,2018-08-01,-0.004065860741945766
RIO.L,2018-08-01,-0.13681576686772426
SHEL.L,2018-08-01,-0.04423365367980186
ULVR.L,2018-08-01,0.00854339430175517
VOD.L,2018-08-01,-0.12283597645173633
^FTSE,2018-08-01,-0.04168915922411107
AZN.L,2018-09-01,0.02857838690349583
BATS.L,2018-09-01,-0.03750784024277409
BP.L,2018-09-01,0.07393844916967642
DGE.L,2018-09-01,0.009051598650010588
GSK.L,2018-09-01,-0.015239841282801312
HSBA.L,2018-09-01,0.0013444151122406517
LSEG.L,2018-09-01,-0.008251864202816003
NG.L,2018-09-01,-0.02323064171856085
RIO.L,2018-09-01,0.05864510462195898
SHEL.L,2018-09-01,0.052561625842436815
ULVR.L,2018-09-01,-0.040897896330327844
VOD.L,2018-09-01,0
^FTSE,2018-09-01,0.010413314348993029
AZN.L,2018-10-01,0.004517679199131951
BATS.L,2018-10-01,-0.05462042767423776
BP.L,2018-10-01,-0.03804717007361528
DGE.L,2018-10-01,-0.0038693575057817307
GSK.L,2018-10-01,-0.01679824419051404
HSBA.L,2018-10-01,-0.037764590809650445
LSEG.L,2018-10-01,-0.06091074323989192
NG.L,2018-10-01,0.04665788700500693
RIO.L,2018-10-01,-0.019913441156982202
SHEL.L,2018-10-01,-0.052961866344626275
ULVR.L,2018-10-01,-0.016622790147845467
VOD.L,2018-10-01,-0.1069152692332999
^FTSE,2018-10-01,-0.05221738963521803
AZN.L,2018-11-01,0.020980364341811147
BATS.L,2018-11-01,-0.21026087209808206
BP.L,2018-11-01,-0.08691201452802912
DGE.L,2018-11-01,0.04158225533680746
GSK.L,2018-11-01,0.07066132569231984
HSBA.L,2018-11-01,0.029638212122018975
LSEG.L,2018-11-01,-0.06758692881872043
NG.L,2018-11-01,0.00462534560243978
RIO.L,2018-11-01,-0.06644214325977171
SHEL.L,2018-11-01,-0.05344505305863066
ULVR.L,2018-11-01,0.023210078996158862
VOD.L,2018-11-01,0.1338153903873055
^FTSE,2018-11-01,-0.02096713531113181
AZN.L,2018-12-01,-0.04070629400407535
BATS.L,2018-12-01,-0.09511662838624205
BP.L,2018-12-01,-0.047353572997258425
DGE.L,2018-12-01,-0.010144974672297864
GSK.L,2018-12-01,-0.08383231283319638
HSBA.L,2018-12-01,-0.026541974569037168
LSEG.L,2018-12-01,0.007164888083263803
NG.L,2018-12-01,-0.08608411468099554
RIO.L,2018-12-01,0.046928799164423
SHEL.L,2018-12-01,-0.026724776976594627
ULVR.L,2018-12-01,-0.03232989118576811
VOD.L,2018-12-01,-0.09975942769507432
^FTSE,2018-12-01,-0.03678479730694303
AZN.L,2019-01-01,-0.059816041708649265
BATS.L,2019-01-01,0.07213485953895549
BP.L,2019-01-01,0.04754608360478699
DGE.L,2019-01-01,0.037395643127634215
GSK.L,2019-01-01,-0.009432703732209018
HSBA.L,2019-01-01,-0.012443560406187272
LSEG.L,2019-01-01,0.11980514468990912
NG.L,2019-01-01,0.07679641941705452
RIO.L,2019-01-01,0.11569557010599545
SHEL.L,2019-01-01,0.02334419981299907
ULVR.L,2019-01-01,-0.030646640829808246
VOD.L,2019-01-01,-0.09833629144118197
^FTSE,2019-01-01,0.03516457874636522
AZN.L,2019-02-01,0.1043459883840282
BATS.L,2019-02-01,0.026261498173056903
BP.L,2019-02-01,0.02726369715084489
DGE.L,2019-02-01,0.004216173367686667
GSK.L,2019-02-01,0.013763326246290222
HSBA.L,2019-02-01,-0.041298515650814376
LSEG.L,2019-02-01,-0.015848856104929147
NG.L,2019-02-01,0.02713677483193304
RIO.L,2019-02-01,0.03484837656172237
SHEL.L,2019-02-01,-0.0051599188401519475
ULVR.L,2019-02-01,0.005963573189220057
VOD.L,2019-02-01,-0.03152046262582336
^FTSE,2019-02-01,0.015067688331332443
AZN.L,2019-03-01,-6.516582574018324e-4
BATS.L,2019-03-01,0.1467464302526299
BP.L,2019-03-01,0.04411018419923136
DGE.L,2019-03-01,0.07423051515772959
GSK.L,2019-03-01,0.0642710052473913
HSBA.L,2019-03-01,0.01682598606039883
LSEG.L,2019-03-01,0.05272321075367383
NG.L,2019-03-01,0.003414376180658443
RIO.L,2019-03-01,0.029134408466041397
SHEL.L,2019-03-01,0.026875604633240135
ULVR.L,2019-03-01,0.09217515464908979
VOD.L,2019-03-01,0.040285674054506004
^FTSE,2019-03-01,0.028495925481334006
AZN.L,2019-04-01,-0.06899301952033117
BATS.L,2019-04-01,-0.06600058941582052
BP.L,2019-04-01,8.947724280611761e-4
DGE.L,2019-04-01,0.029979456633247553
GSK.L,2019-04-01,-0.014762420688651795
HSBA.L,2019-04-01,0.06791193009468836
LSEG.L,2019-04-01,0.053879225496890094
NG.L,2019-04-01,-0.017428792553160467
RIO.L,2019-04-01,8.964630889092486e-4
SHEL.L,2019-04-01,0.015010113034855816
ULVR.L,2019-04-01,0.05801124875592065
VOD.L,2019-04-01,0.015614234752226811
^FTSE,2019-04-01,0.01891547358597315
AZN.L,2019-05-01,0.01851434270759355
BATS.L,2019-05-01,-0.08004258456778257
BP.L,2019-05-01,-0.03424555277695627
DGE.L,2019-05-01,0.028055013469566507
GSK.L,2019-05-01,-0.02978026605837195
HSBA.L,2019-05-01,-0.03341640021745568
LSEG.L,2019-05-01,0.05253254588584396
NG.L,2019-05-01,-0.05282513609930077
RIO.L,2019-05-01,0.015886390509286044
SHEL.L,2019-05-01,0.004626425092066331
ULVR.L,2019-05-01,0.03789677079099083
VOD.L,2019-05-01,-0.09276405998169239
^FTSE,2019-05-01,-0.03518905624802825
AZN.L,2019-06-01,0.09868658152183234
BATS.L,2019-06-01,-0.0038128618574841447
BP.L,2019-06-01,0.015615549734517316
DGE.L,2019-06-01,0.0174384832926386
GSK.L,2019-06-01,0.03196590758123681
HSBA.L,2019-06-01,0.01812661329792997
LSEG.L,2019-06-01,0.037516000292606065
NG.L,2019-06-01,0.05281847056870423
RIO.L,2019-06-01,0.07309201506861479
SHEL.L,2019-06-01,0.044310019215129795
ULVR.L,2019-06-01,0.011817269934830071
VOD.L,2019-06-01,-4.930414136758272e-4
^FTSE,2019-06-01,0.03618609242619121
AZN.L,2019-07-01,0.0923687536584899
BATS.L,2019-07-01,0.07124558602365336
BP.L,2019-07-01,-0.005300513711941852
DGE.L,2019-07-01,0.017429758137612387
GSK.L,2019-07-01,0.07688559498359897
HSBA.L,2019-07-01,-3.044856086018001e-4
LSEG.L,2019-07-01,0.1888020761692682
NG.L,2019-07-01,0.010118582925577891
RIO.L,2019-07-01,-0.038110995903496606
SHEL.L,2019-07-01,0.008323462970100226
ULVR.L,2019-07-01,0.012386178983008022
VOD.L,2019-07-01,0.14887827940781903
^FTSE,2019-07-01,0.021476366728235663
AZN.L,2019-08-01,0.03585133723989682
BATS.L,2019-08-01,-0.02469265414635127
BP.L,2019-08-01,-0.08689595475687367
DGE.L,2019-08-01,0.017399916436228777
GSK.L,2019-08-01,0.005414344829894606
HSBA.L,2019-08-01,-0.10460134919736648
LSEG.L,2019-08-01,0.04834477012222327
NG.L,2019-08-01,0.016678847641439492
RIO.L,2019-08-01,-0.12373606695427246
SHEL.L,2019-08-01,-0.13083939089451355
ULVR.L,2019-08-01,0.04747053772489381
VOD.L,2019-08-01,0.0338039486303889
^FTSE,2019-08-01,-0.051329315929574765
AZN.L,2019-09-01,-0.007819585771156531
BATS.L,2019-09-01,0.04331886027269828
BP.L,2019-09-01,0.030711038425084734
DGE.L,2019-09-01,-0.04988973849441631
GSK.L,2019-09-01,0.019096838335682945
HSBA.L,2019-09-01,0.05461855688922933
LSEG.L,2019-09-01,0.0496524542447733
NG.L,2019-09-01,0.026892011119478955
RIO.L,2019-09-01,0.014237205069956899
SHEL.L,2019-09-01,0.04657975873181986
ULVR.L,2019-09-01,-0.06069700733905146
VOD.L,2019-09-01,0.04262399338343364
^FTSE,2019-09-01,0.027506967729252735
AZN.L,2019-10-01,0.03251888501494346
BATS.L,2019-10-01,-0.10694163607605021
BP.L,2019-10-01,-0.05274342218328477
DGE.L,2019-10-01,-0.0518777898634411
GSK.L,2019-10-01,0.013662900590244987
HSBA.L,2019-10-01,-0.0687950474685908
LSEG.L,2019-10-01,-0.04965245424477322
NG.L,2019-10-01,0.02175934835168421
RIO.L,2019-10-01,-0.04743699826405945
SHEL.L,2019-10-01,-0.06543361169045128
ULVR.L,2019-10-01,-0.056175684243130866
VOD.L,2019-10-01,-0.028806191597577094
^FTSE,2019-10-01,-0.021806779800917477
AZN.L,2019-11-01,-0.005748972022249029
BATS.L,2019-11-01,0.12442287312905208
BP.L,2019-11-01,-0.018620707828061238
DGE.L,2019-11-01,1.5809210219162284e-4
GSK.L,2019-11-01,-0.008153795697739363
HSBA.L,2019-11-01,-0.011558798044997997
LSEG.L,2019-11-01,-0.011861969660570201
NG.L,2019-11-01,-0.01278857720965983
RIO.L,2019-11-01,0.04565349130648694
SHEL.L,2019-11-01,-0.009747977385865771
ULVR.L,2019-11-01,-0.00967322648745049
VOD.L,2019-11-01,-0.025765377817658235
^FTSE,2019-11-01,0.013443267950799385
AZN.L,2019-12-01,0.01978145003935947
BATS.L,2019-12-01,0.054685895801664025
BP.L,2019-12-01,-0.01807148943705004
DGE.L,2019-12-01,0.01115387569320582
GSK.L,2019-12-01,0.01415243157127536
HSBA.L,2019-12-01,0.026709189867752024
LSEG.L,2019-12-01,0.12023758710178949
NG.L,2019-12-01,0.05955952463434594
RIO.L,2019-12-01,0.06930210993906555
SHEL.L,2019-12-01,0.010796347733961027
ULVR.L,2019-12-01,-0.05097153981444083
VOD.L,2019-12-01,-0.04398947629286593
^FTSE,2019-12-01,0.0263164114781749
AZN.L,2020-01-01,-0.02435083652968215
BATS.L,2020-01-01,0.03825016478419215
BP.L,2020-01-01,-0.032104474173110006
DGE.L,2020-01-01,-0.06136694532088291
GSK.L,2020-01-01,0.002806745381826398
HSBA.L,2020-01-01,-0.07015214371240933
LSEG.L,2020-01-01,0.011035754685949199
NG.L,2020-01-01,0.06309462553765605
RIO.L,2020-01-01,-0.09766680168586821
SHEL.L,2020-01-01,-0.11389795350790653
ULVR.L,2020-01-01,0.04120332262550283
VOD.L,2020-01-01,0.017159173425514943
^FTSE,2020-01-01,-0.03458572222566676
AZN.L,2020-02-01,-0.0884806326435971
BATS.L,2020-02-01,-0.09196525852509192
BP.L,2020-02-01,-0.14206203746901003
DGE.L,2020-02-01,-0.08462489475351874
GSK.L,2020-02-01,-0.13259279407729274
HSBA.L,2020-02-01,-0.051884487450675885
LSEG.L,2020-02-01,-0.03374311720128813
NG.L,2020-02-01,-0.023132884601749844
RIO.L,2020-02-01,-0.12392334231623053
SHEL.L,2020-02-01,-0.182501431436038
ULVR.L,2020-02-01,-0.08349883784944778
VOD.L,2020-02-01,-0.10543491746516313
^FTSE,2020-02-01,-0.10182875715592662
AZN.L,2020-03-01,0.06026087598635672
BATS.L,2020-03-01,-0.10415894893852412
BP.L,2020-03-01,-0.14056998818328806
DGE.L,2020-03-01,-0.06691619832025256
GSK.L,2020-03-01,-0.030943689229191024
HSBA.L,2020-03-01,-0.14265321367097222
LSEG.L,2020-03-01,-0.03985456901623076
NG.L,2020-03-01,-0.03752911960422595
RIO.L,2020-03-01,0.030618526044707568
SHEL.L,2020-03-01,-0.15770838721152333
ULVR.L,2020-03-01,-0.02292305185569944
VOD.L,2020-03-01,-0.1731351140549891
^FTSE,2020-03-01,-0.14858415220061905
AZN.L,2020-04-01,0.14260202808402547
BATS.L,2020-04-01,0.11022351085840905
BP.L,2020-04-01,-0.09470038451458021
DGE.L,2020-04-01,0.06129558143484398
GSK.L,2020-04-01,0.09226834150327816
HSBA.L,2020-04-01,-0.102490676466846
LSEG.L,2020-04-01,0.023954007931417477
NG.L,2020-04-01,-0.01361429042291853
RIO.L,2020-04-01,-0.00918551980746016
SHEL.L,2020-04-01,-0.06853990132357801
ULVR.L,2020-04-01,0.006481521838255586
VOD.L,2020-04-01,-0.0076396959474555005
^FTSE,2020-04-01,0.03961396392852983
AZN.L,2020-05-01,0.03053126629534059
BATS.L,2020-05-01,0.034772331827146806
BP.L,2020-05-01,-0.023488895714358464
DGE.L,2020-05-01,0.014619717209226512
GSK.L,2020-05-01,0.0066163590742870735
HSBA.L,2020-05-01,-0.10238375568712363
LSEG.L,2020-05-01,0.07416555800340748
NG.L,2020-05-01,-0.008387964388956455
RIO.L,2020-05-01,0.15749908281830494
SHEL.L,2020-05-01,-0.05083545862112276
ULVR.L,2020-05-01,0.05464504177639759
VOD.L,2020-05-01,0.17075140511924297
^FTSE,2020-05-01,0.029289591947751478
AZN.L,2020-06-01,-0.018705356438643482
BATS.L,2020-06-01,-0.027011270848830923
BP.L,2020-06-01,0.004731326178698417
DGE.L,2020-06-01,-0.03984439543750827
GSK.L,2020-06-01,-0.021280071217370543
HSBA.L,2020-06-01,0.022706831727332875
LSEG.L,2020-06-01,0.04003438183377406
NG.L,2020-06-01,0.06602243341885003
RIO.L,2020-06-01,0.053273706673294334
SHEL.L,2020-06-01,0.021837099304869254
ULVR.L,2020-06-01,0.005295042204922051
VOD.L,2020-06-01,-0.03147358405529676
^FTSE,2020-06-01,0.01520490091951978
AZN.L,2020-07-01,0.01286065053996867
BATS.L,2020-07-01,-0.206637489972616
BP.L,2020-07-01,-0.11018286253765786
DGE.L,2020-07-01,0.04360015613720466
GSK.L,2020-07-01,-0.0674838457945648
HSBA.L,2020-07-01,-0.10108469010943821
LSEG.L,2020-07-01,0.014963047473892932
NG.L,2020-07-01,-0.09376083639656616
RIO.L,2020-07-01,0.01440416451568369
SHEL.L,2020-07-01,-0.13755756795664328
ULVR.L,2020-07-01,0.048844924560059136
VOD.L,2020-07-01,-0.1089366343907967
^FTSE,2020-07-01,-0.045070879123587974
AZN.L,2020-08-01,-0.022445950546935177
BATS.L,2020-08-01,0.003164032283621026
BP.L,2020-08-01,-0.04047968577313119
DGE.L,2020-08-01,-0.10973349306875378
GSK.L,2020-08-01,-0.03836866371838617
HSBA.L,2020-08-01,-0.0358484932747323
LSEG.L,2020-08-01,0.036595824434272194
NG.L,2020-08-01,-0.06563495558642216
RIO.L,2020-08-01,0.00456594834927055
SHEL.L,2020-08-01,-0.013186269261925508
ULVR.L,2020-08-01,-0.024937311775968814
VOD.L,2020-08-01,-0.03630348143959482
^FTSE,2020-08-01,0.011094975045453015
AZN.L,2020-09-01,0.013930972710674472
BATS.L,2020-09-01,0.09234416827692946
BP.L,2020-09-01,-0.15971784337829856
DGE.L,2020-09-01,0.054476074906084526
GSK.L,2020-09-01,-0.013679993859272611
HSBA.L,2020-09-01,-0.09077696400875303
LSEG.L,2020-09-01,0.008599429907364575
NG.L,2020-09-01,0.05379246230421525
RIO.L,2020-09-01,0.004413256917200277
SHEL.L,2020-09-01,-0.13824077527497775
ULVR.L,2020-09-01,0.06845455636808596
VOD.L,2020-09-01,-0.08186903015118781
^FTSE,2020-09-01,-0.016484307498229694
AZN.L,2020-10-01,-0.0852391092343495
BATS.L,2020-10-01,-0.12609036743727997
BP.L,2020-10-01,-0.13581757451714294
DGE.L,2020-10-01,-0.0586691279485777
GSK.L,2020-10-01,-0.11690551928435076
HSBA.L,2020-10-01,0.07366943921176598
LSEG.L,2020-10-01,-0.06974963347477636
NG.L,2020-10-01,0.03228950758147328
RIO.L,2020-10-01,-0.06626555789999515
SHEL.L,2020-10-01,0.0015547481111153557
ULVR.L,2020-10-01,-0.08100330164435272
VOD.L,2020-10-01,0.003111659254717774
^FTSE,2020-10-01,-0.05048528114630419
AZN.L,2020-11-01,0.0050093152140993765
BATS.L,2020-11-01,0.07531830411897744
BP.L,2020-11-01,0.23103306978935048
DGE.L,2020-11-01,0.1418997599956267
GSK.L,2020-11-01,0.058935251581711666
HSBA.L,2020-11-01,0.17921005142850607
LSEG.L,2020-11-01,-0.020996787298102098
NG.L,2020-11-01,-0.0797619939911837
RIO.L,2020-11-01,0.10389058602874267
SHEL.L,2020-11-01,0.27527886183852196
ULVR.L,2020-11-01,0.03721850454571171
VOD.L,2020-11-01,0.1829685681580693
^FTSE,2020-11-01,0.1164653881760523
AZN.L,2020-12-01,-0.06360778531110212
BATS.L,2020-12-01,0.02580474830327992
BP.L,2020-12-01,0.02846233246318002
DGE.L,2020-12-01,-6.94702494922732e-4
GSK.L,2020-12-01,-0.020649723489620717
HSBA.L,2020-12-01,-0.024509129154471072
LSEG.L,2020-12-01,0.10550847844705193
NG.L,2020-12-01,0.019377301632145575
RIO.L,2020-12-01,0.12360414919287152
SHEL.L,2020-12-01,0.02070937804600045
ULVR.L,2020-12-01,-0.03994691561763682
VOD.L,2020-12-01,-0.02209847459222539
^FTSE,2020-12-01,0.030536572701127
AZN.L,2021-01-01,0.022545615194118254
BATS.L,2021-01-01,-0.018824456930798983
BP.L,2021-01-01,0.06348318421071038
DGE.L,2021-01-01,0.02437056538207056
GSK.L,2021-01-01,0.011115488579879675
HSBA.L,2021-01-01,0.010241587193211246
LSEG.L,2021-01-01,-0.03640050548815765
NG.L,2021-01-01,-0.017493145381753086
RIO.L,2021-01-01,0.021521773090349087
SHEL.L,2021-01-01,0.030505454433718566
ULVR.L,2021-01-01,-0.035221726383655984
VOD.L,2021-01-01,0.03173834854992242
^FTSE,2021-01-01,-0.008237534924048736
AZN.L,2021-02-01,-0.07548735898334212
BATS.L,2021-02-01,-0.0669121035634491
BP.L,2021-02-01,0.07206941120566226
DGE.L,2021-02-01,-0.04729746648002366
GSK.L,2021-02-01,-0.13042753657143005
HSBA.L,2021-02-01,0.107526726115341
LSEG.L,2021-02-01,0.10192396171290696
NG.L,2021-02-01,-0.0526563862226507
RIO.L,2021-02-01,0.10164986876207685
SHEL.L,2021-02-01,0.07687802902240637
ULVR.L,2021-02-01,-0.12724789291638852
VOD.L,2021-02-01,-0.02284805362939939
^FTSE,2021-02-01,0.011775869801232776
AZN.L,2021-03-01,0.04256557854478923
BATS.L,2021-03-01,0.11000558303022509
BP.L,2021-03-01,0.009890853755790015
DGE.L,2021-03-01,0.06103224181792748
GSK.L,2021-03-01,0.07846517309974665
HSBA.L,2021-03-01,-0.006821758382105562
LSEG.L,2021-03-01,-0.3263345797262679
NG.L,2021-03-01,0.0689927753846754
RIO.L,2021-03-01,-0.10820512429912253
SHEL.L,2021-03-01,-0.02168956865542237
ULVR.L,2021-03-01,0.08298501968569892
VOD.L,2021-03-01,0.07770749878778217
^FTSE,2021-03-01,0.034890285268497634
AZN.L,2021-04-01,0.06257888157918207
BATS.L,2021-04-01,-0.033727356151690584
BP.L,2021-04-01,0.0279445427803679
DGE.L,2021-04-01,0.08385677313513117
GSK.L,2021-04-01,0.03928056964849429
HSBA.L,2021-04-01,0.06760560239769625
LSEG.L,2021-04-01,0.06424647620968883
NG.L,2021-04-01,0.05253094869978096
RIO.L,2021-04-01,0.09054866034648615
SHEL.L,2021-04-01,-0.03512670349455864
ULVR.L,2021-04-01,0.04235909351912088
VOD.L,2021-04-01,0.03662769047610752
^FTSE,2021-04-01,0.03745116760764544
AZN.L,2021-05-01,0.04200850474212223
BATS.L,2021-05-01,0.011492215949557546
BP.L,2021-05-01,0.010459202100072718
DGE.L,2021-05-01,0.0459883642660443
GSK.L,2021-05-01,0.003600711073171775
HSBA.L,2021-05-01,0.005505891658574601
LSEG.L,2021-05-01,0.023241385945582706
NG.L,2021-05-01,0.03092481203292555
RIO.L,2021-05-01,-0.0019769834745819257
SHEL.L,2021-05-01,-0.014227904479911659
ULVR.L,2021-05-01,-0.0010909875762403147
VOD.L,2021-05-01,-0.06414878731474695
^FTSE,2021-05-01,0.007547031810445962
AZN.L,2021-06-01,0.07619207327861754
BATS.L,2021-06-01,0.031564312087866406
BP.L,2021-06-01,0.028497465088120084
DGE.L,2021-06-01,0.016606426190858645
GSK.L,2021-06-01,0.05443505401072854
HSBA.L,2021-06-01,-0.0871511662751538
LSEG.L,2021-06-01,0.050963164714570616
NG.L,2021-06-01,-0.019477915193066866
RIO.L,2021-06-01,-0.019146538510606208
SHEL.L,2021-06-01,0.07251427018129221
ULVR.L,2021-06-01,9.461390437728621e-4
VOD.L,2021-06-01,-0.0554813497085598
^FTSE,2021-06-01,0.002119459721897674
AZN.L,2021-07-01,-0.04897440404120238
BATS.L,2021-07-01,-0.04342506257585331
BP.L,2021-07-01,-0.08545388182618367
DGE.L,2021-07-01,0.0311481159873583
GSK.L,2021-07-01,-0.001127855015637536
HSBA.L,2021-07-01,-0.048736260152278686
LSEG.L,2021-07-01,-0.06211563372871242
NG.L,2021-07-01,0.003577548773549478
RIO.L,2021-07-01,0.025229586353563434
SHEL.L,2021-07-01,-0.0024912951313817663
ULVR.L,2021-07-01,-0.01897092248609236
VOD.L,2021-07-01,-0.04345578024760797
^FTSE,2021-07-01,-7.391996505248165e-4
AZN.L,2021-08-01,0.02939833246990203
BATS.L,2021-08-01,0.01793185941185911
BP.L,2021-08-01,0.026571617405685352
DGE.L,2021-08-01,-0.02153184689805507
GSK.L,2021-08-01,0.030853258221949002
HSBA.L,2021-08-01,-0.02858733843639611
LSEG.L,2021-08-01,0.06038839885270183
NG.L,2021-08-01,0.018441531910021416
RIO.L,2021-08-01,-0.12473008585391504
SHEL.L,2021-08-01,-0.00795358668643982
ULVR.L,2021-08-01,-0.025526485477545113
VOD.L,2021-08-01,0.048552347017411096
^FTSE,2021-08-01,0.012351823322129071
AZN.L,2021-09-01,0.0508351998088897
BATS.L,2021-09-01,-0.046689447394775964
BP.L,2021-09-01,0.13626393165420747
DGE.L,2021-09-01,0.03155208747024073
GSK.L,2021-09-01,-0.040764803024376205
HSBA.L,2021-09-01,0.009919328697080046
LSEG.L,2021-09-01,-0.0657123594921955
NG.L,2021-09-01,-0.06212638219331287
RIO.L,2021-09-01,-0.09107350913297167
SHEL.L,2021-09-01,0.14500814014158644
ULVR.L,2021-09-01,-0.010185311208048185
VOD.L,2021-09-01,-0.07365378109136911
^FTSE,2021-09-01,-0.004688176731414969
AZN.L,2021-10-01,0.015067823584907387
BATS.L,2021-10-01,-0.022329137771004388
BP.L,2021-10-01,0.028676762155600416
DGE.L,2021-10-01,0.00718433524875217
GSK.L,2021-10-01,0.07214164311991873
HSBA.L,2021-10-01,0.12390322653256462
LSEG.L,2021-10-01,-0.04811923910823929
NG.L,2021-10-01,0.055838838616328094
RIO.L,2021-10-01,-0.07455424806280436
SHEL.L,2021-10-01,0.015587824896556858
ULVR.L,2021-10-01,-0.023494705411873467
VOD.L,2021-10-01,-0.047537697216847
^FTSE,2021-10-01,0.021112232816301566
AZN.L,2021-11-01,-0.09425513710313244
BATS.L,2021-11-01,-0.006500532192234177
BP.L,2021-11-01,-0.07317727054918202
DGE.L,2021-11-01,0.04508607590809894
GSK.L,2021-11-01,0.010963329992393347
HSBA.L,2021-11-01,-0.051472172977804306
LSEG.L,2021-11-01,-0.08798479424128894
NG.L,2021-11-01,0.07335927810314534
RIO.L,2021-11-01,0.011229359342344479
SHEL.L,2021-11-01,-0.063756923189929
ULVR.L,2021-11-01,-0.013544782480475526
VOD.L,2021-11-01,0.012274831016587672
^FTSE,2021-11-01,-0.024915445754857084
AZN.L,2021-12-01,0.04743149486016959
BATS.L,2021-12-01,0.07755621858192846
BP.L,2021-12-01,0.015397736986900962
DGE.L,2021-12-01,0.06038447680484368
GSK.L,2021-12-01,0.05212590153085844
HSBA.L,2021-12-01,0.06753733211072047
LSEG.L,2021-12-01,0.06374985238847908
NG.L,2021-12-01,0.05165891080762373
RIO.L,2021-12-01,0.05893960369748768
SHEL.L,2021-12-01,0.028012273374397066
ULVR.L,2021-12-01,0.022167717914415214
VOD.L,2021-12-01,0.026355457144401618
^FTSE,2021-12-01,0.04500898141678518
AZN.L,2022-01-01,-0.007054100555610372
BATS.L,2022-01-01,0.1460962725287367
BP.L,2022-01-01,0.14690588712559938
DGE.L,2022-01-01,-0.08072428661702004
GSK.L,2022-01-01,0.022403911495092122
HSBA.L,2022-01-01,0.1620951659010397
LSEG.L,2022-01-01,0.04099519057317477
NG.L,2022-01-01,0.01851048126301064
RIO.L,2022-01-01,0.05816864161830019
SHEL.L,2022-01-01,0.15123963244823424
ULVR.L,2022-01-01,-0.040869515588519104
VOD.L,2022-01-01,0.14687064713982173
^FTSE,2022-01-01,0.010761830710017762
AZN.L,2022-02-01,0.05018323389608034
BATS.L,2022-02-01,0.030508087379601957
BP.L,2022-02-01,-0.05149292207698187
DGE.L,2022-02-01,6.169995882779204e-4
GSK.L,2022-02-01,-0.06105976286058332
HSBA.L,2022-02-01,-0.02494857112233999
LSEG.L,2022-02-01,-0.09373247257810899
NG.L,2022-02-01,0.04633484850697183
RIO.L,2022-02-01,0.1105350006770988
SHEL.L,2022-02-01,0.04436232790286394
ULVR.L,2022-02-01,-0.010785459195480619
VOD.L,2022-02-01,0.010862195293213237
^FTSE,2022-02-01,-8.175595724348449e-4
AZN.L,2022-03-01,0.11193970823816478
BATS.L,2022-03-01,-0.020585869773248344
BP.L,2022-03-01,0.031942267184937645
DGE.L,2022-03-01,0.036506502615621786
GSK.L,2022-03-01,0.0637943050483209
HSBA.L,2022-03-01,0.021052564398560986
LSEG.L,2022-03-01,0.19206004933281576
NG.L,2022-03-01,0.036127602021760845
RIO.L,2022-03-01,0.04947000707171344
SHEL.L,2022-03-01,0.06692861470278713
ULVR.L,2022-03-01,-0.08099970974643123
VOD.L,2022-03-01,-0.05151763191353434
^FTSE,2022-03-01,0.007666711871731994
AZN.L,2022-04-01,0.05342299901106689
BATS.L,2022-04-01,0.04812664508554842
BP.L,2022-04-01,0.04225402525176655
DGE.L,2022-04-01,0.03933517131796535
GSK.L,2022-04-01,0.08704164596905427
HSBA.L,2022-04-01,-0.04695494205452412
LSEG.L,2022-04-01,-0.006208541418726319
NG.L,2022-04-01,0.01825594671935589
RIO.L,2022-04-01,-0.0636507992965126
SHEL.L,2022-04-01,0.030131655567426672
ULVR.L,2022-04-01,0.07363246747661706
VOD.L,2022-04-01,-0.02678940564285301
^FTSE,2022-04-01,0.0038378966228901344
AZN.L,2022-05-01,-0.022137108911777312
BATS.L,2022-05-01,0.04377707906901534
BP.L,2022-05-01,0.10361105588212326
DGE.L,2022-05-01,-0.08935554306838736
GSK.L,2022-05-01,-0.036397305533196776
HSBA.L,2022-05-01,0.061316608815541136
LSEG.L,2022-05-01,-0.06713582053773823
NG.L,2022-05-01,-0.019450933678916614
RIO.L,2022-05-01,0.007681617024058229
SHEL.L,2022-05-01,0.08960484826954439
ULVR.L,2022-05-01,0.028207750412523432
VOD.L,2022-05-01,0.07174254487307788
^FTSE,2022-05-01,0.008328829445533335
AZN.L,2022-06-01,0.03256160945081909
BATS.L,2022-06-01,0.004984565313810978
BP.L,2022-06-01,-0.11184225522038346
DGE.L,2022-06-01,-0.040113618010008414
GSK.L,2022-06-01,0.018867336176720075
HSBA.L,2022-06-01,0.004865992410677361
LSEG.L,2022-06-01,0.03059965158526501
NG.L,2022-06-01,-0.10689975267722408
RIO.L,2022-06-01,-0.15660301460585027
SHEL.L,2022-06-01,-0.10763078810815914
ULVR.L,2022-06-01,-0.027566043320655126
VOD.L,2022-06-01,-0.030189755080221235
^FTSE,2022-06-01,-0.059352924369119424
AZN.L,2022-07-01,0.004065865028786067
BATS.L,2022-07-01,-0.0886262345586571
BP.L,2022-07-01,0.02968640248725192
DGE.L,2022-07-01,0.09491101434217333
GSK.L,2022-07-01,-0.029088313140694395
HSBA.L,2022-07-01,-0.04174789080194813
LSEG.L,2022-07-01,0.046841640140496944
NG.L,2022-07-01,0.07285084162673569
RIO.L,2022-07-01,0.0016260172653312472
SHEL.L,2022-07-01,0.020867903871565095
ULVR.L,2022-07-01,0.07317669007628412
VOD.L,2022-07-01,-0.04737007573737785
^FTSE,2022-07-01,0.0348291665043149
AZN.L,2022-08-01,-0.018545096725467614
BATS.L,2022-08-01,0.06927231194548494
BP.L,2022-08-01,0.09883610916532322
DGE.L,2022-08-01,-0.030748026265379886
GSK.L,2022-08-01,-0.22496967337717794
HSBA.L,2022-08-01,0.029115527294961044
LSEG.L,2022-08-01,0.012957077462523206
NG.L,2022-08-01,-0.048436695861332445
RIO.L,2022-08-01,-0.031223644283461752
SHEL.L,2022-08-01,0.049785151411749634
ULVR.L,2022-08-01,-0.01957997557048836
VOD.L,2022-08-01,-0.04330851395133937
^FTSE,2022-08-01,-0.0189295143546119
AZN.L,2022-09-01,-0.06802695625384171
BATS.L,2022-09-01,-0.06725032548369637
BP.L,2022-09-01,-0.019209240687620185
DGE.L,2022-09-01,0.008860847250263341
GSK.L,2022-09-01,-0.05483259849149981
HSBA.L,2022-09-01,-0.12363896452952086
LSEG.L,2022-09-01,-0.0602852808487462
NG.L,2022-09-01,-0.14660348613155022
RIO.L,2022-09-01,0.025862350864680035
SHEL.L,2022-09-01,-0.01917823978756042
ULVR.L,2022-09-01,0.011020424761435195
VOD.L,2022-09-01,-0.13451994887127328
^FTSE,2022-09-01,-0.05508521713428468
AZN.L,2022-10-01,0.03069854719422252
BATS.L,2022-10-01,0.06218207465233262
BP.L,2022-10-01,0.10240071014323993
DGE.L,2022-10-01,-0.053964933950295724
GSK.L,2022-10-01,0.0900190388829038
HSBA.L,2022-10-01,-0.043741903097605714
LSEG.L,2022-10-01,-0.00816111501033012
NG.L,2022-10-01,0.0185171921866774
RIO.L,2022-10-01,-0.07615247062061113
SHEL.L,2022-10-01,0.06776050701106534
ULVR.L,2022-10-01,0.0013847661616573068
VOD.L,2022-10-01,0.005129308233835071
^FTSE,2022-10-01,0.02869740735696572
AZN.L,2022-11-01,0.08520558827449623
BATS.L,2022-11-01,-0.012455166848805441
BP.L,2022-11-01,0.03632854597949381
DGE.L,2022-11-01,0.05672600986673094
GSK.L,2022-11-01,-0.01541738147323159
HSBA.L,2022-11-01,0.1305928642550192
LSEG.L,2022-11-01,0.08630622106740635
NG.L,2022-11-01,0.06753367081252333
RIO.L,2022-11-01,0.20781847521921756
SHEL.L,2022-11-01,0.01658858013862144
ULVR.L,2022-11-01,0.041858719342059494
VOD.L,2022-11-01,-0.1009709303925773
^FTSE,2022-11-01,0.06528267178097
AZN.L,2022-12-01,0.004646250679958981
BATS.L,2022-12-01,-0.032661948521496044
BP.L,2022-12-01,-0.046491289866153
DGE.L,2022-12-01,-0.0423770163562034
GSK.L,2022-12-01,0.02165751722539413
HSBA.L,2022-12-01,0.011702825766453687
LSEG.L,2022-12-01,-0.14481846643128327
NG.L,2022-12-01,-0.016999285853801432
RIO.L,2022-12-01,0.037428514467260456
SHEL.L,2022-12-01,-0.049485976205353714
ULVR.L,2022-12-01,0.0091283123682438
VOD.L,2022-12-01,-0.08637809329112302
^FTSE,2022-12-01,-0.016160287255711586
AZN.L,2023-01-01,-0.05760944498661219
BATS.L,2023-01-01,-0.05818948661156793
BP.L,2023-01-01,0.028951448251159285
DGE.L,2023-01-01,-0.036266079459680856
GSK.L,2023-01-01,-0.009926813471992159
HSBA.L,2023-01-01,0.14538658755441058
LSEG.L,2023-01-01,0.037138152948500584
NG.L,2023-01-01,0.027295932629563716
RIO.L,2023-01-01,0.08604796682677536
SHEL.L,2023-01-01,0.020426085655011826
ULVR.L,2023-01-01,-0.017731891433289525
VOD.L,2023-01-01,0.1002191819002153
^FTSE,2023-01-01,0.042046735308012534
AZN.L,2023-02-01,0.027157553682792532
BATS.L,2023-02-01,0.015225777983744167
BP.L,2023-02-01,0.11887062025413894
DGE.L,2023-02-01,0.00255354536497827
GSK.L,2023-02-01,0.001496930423029825
HSBA.L,2023-02-01,0.063657567580203
LSEG.L,2023-02-01,0.003504458885291071
NG.L,2023-02-01,0.02219112524491902
RIO.L,2023-02-01,-0.1009917775179013
SHEL.L,2023-02-01,0.062352126757242755
ULVR.L,2023-02-01,0.006765355327995024
VOD.L,2023-02-01,0.0690787817582669
^FTSE,2023-02-01,0.01336926985668096
AZN.L,2023-03-01,0.03184065395463713
BATS.L,2023-03-01,-0.10116363514488452
BP.L,2023-03-01,-0.07484910238132897
DGE.L,2023-03-01,0.023888157221421482
GSK.L,2023-03-01,0.002522640852199755
HSBA.L,2023-03-01,-0.1449070814703575
LSEG.L,2023-03-01,0.057008876293569294
NG.L,2023-03-01,0.04523964132464856
RIO.L,2023-03-01,-0.04151807089677394
SHEL.L,2023-03-01,-0.09023700838916796
ULVR.L,2023-03-01,0.012971264335033261
VOD.L,2023-03-01,-0.11096625554951707
^FTSE,2023-03-01,-0.031547574865618676
AZN.L,2023-04-01,0.04474584679424773
BATS.L,2023-04-01,0.029997907116429974
BP.L,2023-04-01,0.045166785935394776
DGE.L,2023-04-01,0.00221117550469908
GSK.L,2023-04-01,0.008362260504257032
HSBA.L,2023-04-01,0.04290834690303561
LSEG.L,2023-04-01,0.05907351032865977
NG.L,2023-04-01,0.042844495840509686
RIO.L,2023-04-01,-0.08155002742212872
SHEL.L,2023-04-01,0.06030607659046649
ULVR.L,2023-04-01,0.057165218864561794
VOD.L,2023-04-01,0.07130443194765818
^FTSE,2023-04-01,0.030823660023267623
AZN.L,2023-05-01,-0.00734852428617731
BATS.L,2023-05-01,-0.1361215889788374
BP.L,2023-05-01,-0.16448159327386874
DGE.L,2023-05-01,-0.07896191356864778
GSK.L,2023-05-01,-0.0678058687897844
HSBA.L,2023-05-01,0.028820797606184057
LSEG.L,2023-05-01,0.024148888376657077
NG.L,2023-05-01,-0.03421794547908075
RIO.L,2023-05-01,-0.05433130263556389
SHEL.L,2023-05-01,-0.0990756810912143
ULVR.L,2023-05-01,-0.09625530835594225
VOD.L,2023-05-01,-0.22771600441152248
^FTSE,2023-05-01,-0.05544389230785571
AZN.L,2023-06-01,-0.033487666555506224
BATS.L,2023-06-01,0.020727152731505417
BP.L,2023-06-01,0.011078953207231894
DGE.L,2023-06-01,0.009515348103438532
GSK.L,2023-06-01,0.031005631028017337
HSBA.L,2023-06-01,0.051487957236449965
LSEG.L,2023-06-01,-0.021755378163099852
NG.L,2023-06-01,-0.06073611919658641
RIO.L,2023-06-01,0.04167507982919737
SHEL.L,2023-06-01,0.053486239563374616
ULVR.L,2023-06-01,0.01685872059873345
VOD.L,2023-06-01,-0.03143797180030249
^FTSE,2023-06-01,0.011403806655756566
AZN.L,2023-07-01,-0.008013524364770373
BATS.L,2023-07-01,0.003094511360159105
BP.L,2023-07-01,0.05238353328675507
DGE.L,2023-07-01,0.005460061609744359
GSK.L,2023-07-01,-0.0030288172083624146
HSBA.L,2023-07-01,0.0388061672249979
LSEG.L,2023-07-01,0.01140974785768229
NG.L,2023-07-01,-0.008687223761666033
RIO.L,2023-07-01,0.03246281938595226
SHEL.L,2023-07-01,0.009982040743858493
ULVR.L,2023-07-01,0.02256246478708349
VOD.L,2023-07-01,0.006199705866422195
^FTSE,2023-07-01,0.022048165901282054
AZN.L,2023-08-01,-0.04791286056109209
BATS.L,2023-08-01,0.0026727429359544867
BP.L,2023-08-01,0.009390012343909335
DGE.L,2023-08-01,-0.04623654128241778
GSK.L,2023-08-01,0.0031309630677232715
HSBA.L,2023-08-01,-0.10277973398619598
LSEG.L,2023-08-01,-0.034094276069666286
NG.L,2023-08-01,-0.040862428113526666
RIO.L,2023-08-01,-0.05511157404050852
SHEL.L,2023-08-01,0.01915571345680798
ULVR.L,2023-08-01,-0.03610668431850533
VOD.L,2023-08-01,-0.016527066724942432
^FTSE,2023-08-01,-0.03439250414870936
AZN.L,2023-09-01,0.0404393464403804
BATS.L,2023-09-01,-0.017282165146088574
BP.L,2023-09-01,0.08622478617425582
DGE.L,2023-09-01,-0.06677107572809474
GSK.L,2023-09-01,0.07167744931112119
HSBA.L,2023-09-01,0.10073676793317297
LSEG.L,2023-09-01,0.006824272537911455
NG.L,2023-09-01,-0.01035432209375353
RIO.L,2023-09-01,0.06003897840178342
SHEL.L,2023-09-01,0.07756771257588393
ULVR.L,2023-09-01,0.004935776214658631
VOD.L,2023-09-01,0.04813288353664554
^FTSE,2023-09-01,0.022463595138112767
AZN.L,2023-10-01,-0.07984763703240401
BATS.L,2023-10-01,-0.048906590138522804
BP.L,2023-10-01,-0.05572045736381518
DGE.L,2023-10-01,0.023775724759406234
GSK.L,2023-10-01,-0.023463487304933407
HSBA.L,2023-10-01,-0.0850822769931694
LSEG.L,2023-10-01,0.005571059548892405
NG.L,2023-10-01,-0.001429645976716005
RIO.L,2023-10-01,0.015533872572852216
SHEL.L,2023-10-01,0.01542139413850936
ULVR.L,2023-10-01,-0.04352351957882596
VOD.L,2023-10-01,-0.014686912498162084
^FTSE,2023-10-01,-0.038370913928835466
AZN.L,2023-11-01,-0.012171274410805151
BATS.L,2023-11-01,0.023359839709041277
BP.L,2023-11-01,-0.04776504912791924
DGE.L,2023-11-01,-0.11715964844861702
GSK.L,2023-11-01,-0.026319305836891207
HSBA.L,2023-11-01,0.016541444085409248
LSEG.L,2023-11-01,0.07288212527186613
NG.L,2023-11-01,0.04893355941627067
RIO.L,2023-11-01,0.027033675204925126
SHEL.L,2023-11-01,-0.03313085047277051
ULVR.L,2023-11-01,-0.03110922195606335
VOD.L,2023-11-01,-0.05894779461964635
^FTSE,2023-11-01,0.017881375139888432
AZN.L,2023-12-01,0.04574762119882324
BATS.L,2023-12-01,-0.08988138528918425
BP.L,2023-12-01,-0.027401866785292984
DGE.L,2023-12-01,0.032924073142651576
GSK.L,2023-12-01,0.021467234372072923
HSBA.L,2023-12-01,0.053988501029232666
LSEG.L,2023-12-01,0.04048968655043347
NG.L,2023-12-01,0.029251661720241892
RIO.L,2023-12-01,0.07885939204481299
SHEL.L,2023-12-01,0.004482199226875715
ULVR.L,2023-12-01,0.008058598981904527
VOD.L,2023-12-01,-0.039607687399643085
^FTSE,2023-12-01,0.03679883047010057
AZN.L,2024-01-01,-0.00947882471129037
BATS.L,2024-01-01,0.01855910751635925
BP.L,2024-01-01,-0.00796897867095846
DGE.L,2024-01-01,0.0015744798751463219
GSK.L,2024-01-01,0.07809960644175692
HSBA.L,2024-01-01,-0.027599920043582474
LSEG.L,2024-01-01,-0.036455343510007274
NG.L,2024-01-01,-0.002839586980002694
RIO.L,2024-01-01,-0.05977972061896179
SHEL.L,2024-01-01,-0.049626469342487774
ULVR.L,2024-01-01,0.012292690618166575
VOD.L,2024-01-01,-0.01825179883799779
^FTSE,2024-01-01,-0.013356281770581025
AZN.L,2024-02-01,-0.050337079066460066
BATS.L,2024-02-01,0.002775609720168319
BP.L,2024-02-01,-0.0036719653529088446
DGE.L,2024-02-01,0.03497486763069725
GSK.L,2024-02-01,0.059880255594981543
HSBA.L,2024-02-01,-0.006003282277153168
LSEG.L,2024-02-01,-0.007408424834018672
NG.L,2024-02-01,-0.016726778175900372
RIO.L,2024-02-01,-0.0801790905882827
SHEL.L,2024-02-01,0.004185984311022578
ULVR.L,2024-02-01,0.0051507703874866875
VOD.L,2024-02-01,0.02638666297245386
^FTSE,2024-02-01,-7.864666562513522e-5
AZN.L,2024-03-01,0.06730181233470989
BATS.L,2024-03-01,0.02592619923713861
BP.L,2024-03-01,0.07322373199883449
DGE.L,2024-03-01,-0.012399218315809197
GSK.L,2024-03-01,0.026089438284948804
HSBA.L,2024-03-01,0.007702148873364613
LSEG.L,2024-03-01,0.06688758707200461
NG.L,2024-03-01,0.027099373281943624
RIO.L,2024-03-01,-0.011880655221442644
SHEL.L,2024-03-01,0.0661395543164807
ULVR.L,2024-03-01,0.027800721846092617
VOD.L,2024-03-01,0.019201038252843177
^FTSE,2024-03-01,0.04141108620758099
AZN.L,2024-04-01,0.12187450123361926
BATS.L,2024-04-01,-0.023125101895232977
BP.L,2024-04-01,0.048626987598883425
DGE.L,2024-04-01,-0.05263462043505314
GSK.L,2024-04-01,-0.021056062149533837
HSBA.L,2024-04-01,0.11666945589930179
LSEG.L,2024-04-01,-0.07018630207742799
NG.L,2024-04-01,-0.017029630027596405
RIO.L,2024-04-01,0.08681209710562672
SHEL.L,2024-04-01,0.08678925500080384
ULVR.L,2024-04-01,0.04054535314702075
VOD.L,2024-04-01,-0.0405498547332289
^FTSE,2024-04-01,0.02379481919826572
AZN.L,2024-05-01,0.010556002273516421
BATS.L,2024-05-01,0.026858756680068634
BP.L,2024-05-01,-0.06386078538739169
DGE.L,2024-05-01,-0.05365689320664224
GSK.L,2024-05-01,0.054464643624924695
HSBA.L,2024-05-01,0.0014873481836529664
LSEG.L,2024-05-01,0.0350990259704849
NG.L,2024-05-01,-0.17199345043123612
RIO.L,2024-05-01,7.306475813935229e-4
SHEL.L,2024-05-01,-0.018058063843674133
ULVR.L,2024-05-01,0.03311322062067721
VOD.L,2024-05-01,0.11122557568517866
^FTSE,2024-05-01,0.015993554964388108
AZN.L,2024-06-01,0.013525718717013134
BATS.L,2024-06-01,0.0064263163850176615
BP.L,2024-06-01,-0.026886891641019456
DGE.L,2024-06-01,-0.05509208327150119
GSK.L,2024-06-01,-0.14405930802296263
HSBA.L,2024-06-01,-0.018112595438433708
LSEG.L,2024-06-01,0.02564514840155933
NG.L,2024-06-01,6.606122781329577e-4
RIO.L,2024-06-01,-0.051523972232988234
SHEL.L,2024-06-01,0.007971018348862246
ULVR.L,2024-06-01,0.015306545605872047
VOD.L,2024-06-01,-0.08016546606234497
^FTSE,2024-06-01,-0.0135407999347527
AZN.L,2024-07-01,9.706668794242341e-4
BATS.L,2024-07-01,0.12188989839992317
BP.L,2024-07-01,-0.03501244654241025
DGE.L,2024-07-01,-0.028727721289200044
GSK.L,2024-07-01,-0.011507655840334089
HSBA.L,2024-07-01,0.028966680810523865
LSEG.L,2024-07-01,0.00741924140267626
NG.L,2024-07-01,0.11078426861657904
RIO.L,2024-07-01,-0.03422638196754457
SHEL.L,2024-07-01,0.002114803034800958
ULVR.L,2024-07-01,0.09457774769000475
VOD.L,2024-07-01,0.037697878980076815
^FTSE,2024-07-01,0.024668401590719088
AZN.L,2024-08-01,0.07075599242389165
BATS.L,2024-08-01,0.0326135843477421
BP.L,2024-08-01,-0.06619616453637531
DGE.L,2024-08-01,0.022063040715006865
GSK.L,2024-08-01,0.09166928186782566
HSBA.L,2024-08-01,-0.054321435259702816
LSEG.L,2024-08-01,0.07918988994664952
NG.L,2024-08-01,0.012697854730611028
RIO.L,2024-08-01,-0.052001541968699404
SHEL.L,2024-08-01,-0.05752096881012814
ULVR.L,2024-08-01,0.026935689414722234
VOD.L,2024-08-01,0.02696605554248211
^FTSE,2024-08-01,0.0010271502850699788
AZN.L,2024-09-01,-0.1358371195861408
BATS.L,2024-09-01,-0.04008599338832195
BP.L,2024-09-01,-0.09189257281529498
DGE.L,2024-09-01,0.051434870491340934
GSK.L,2024-09-01,-0.08860357542053712
HSBA.L,2024-09-01,0.0037427116877857573
LSEG.L,2024-09-01,-0.0029312142308799798
NG.L,2024-09-01,0.030959922523547855
RIO.L,2024-09-01,0.10517178890134156
SHEL.L,2024-09-01,-0.100358292033539
ULVR.L,2024-09-01,-0.013750885423545474
VOD.L,2024-09-01,0.008296671090301144
^FTSE,2024-09-01,-0.016805857648525328
AZN.L,2024-10-01,-0.04826389775520454
BATS.L,2024-10-01,-0.010703345990210979
BP.L,2024-10-01,-0.03917992441267585
DGE.L,2024-10-01,-0.08161253322659086
GSK.L,2024-10-01,-0.08530441634530031
HSBA.L,2024-10-01,0.06157347998174156
LSEG.L,2024-10-01,0.028456330351969226
NG.L,2024-10-01,-0.053646626463275775
RIO.L,2024-10-01,-0.05488529696446164
SHEL.L,2024-10-01,0.06137628267667489
ULVR.L,2024-10-01,-0.022782747049445964
VOD.L,2024-10-01,-0.041077622404655983
^FTSE,2024-10-01,-0.015525989410270101
AZN.L,2024-11-01,-0.039720815139721595
BATS.L,2024-11-01,0.1032061936316266
BP.L,2024-11-01,0.02118036204209543
DGE.L,2024-11-01,-0.019573477653421555
GSK.L,2024-11-01,-0.04205912201756288
HSBA.L,2024-11-01,0.029188035205303022
LSEG.L,2024-11-01,0.06934144022885512
NG.L,2024-11-01,0.01682147368548721
RIO.L,2024-11-01,-0.015976154436636806
SHEL.L,2024-11-01,-0.01828878091404966
ULVR.L,2024-11-01,-0.006066382076803541
VOD.L,2024-11-01,-0.015690734303674306
^FTSE,2024-11-01,0.021613988374236948
AZN.L,2024-12-01,-0.013662395614479734
BATS.L,2024-12-01,-0.03661444766911355
BP.L,2024-12-01,0.021475861580380215
DGE.L,2024-12-01,0.07570072243159646
GSK.L,2024-12-01,0.008577280035940256
HSBA.L,2024-12-01,0.06932942027731355
LSEG.L,2024-12-01,0.0013300813346758507
NG.L,2024-12-01,-0.04386580680459167
RIO.L,2024-12-01,-0.04421254688568534
SHEL.L,2024-12-01,-0.02216755085827803
ULVR.L,2024-12-01,-0.03308760027415658
VOD.L,2024-12-01,-0.037078474408371684
^FTSE,2024-12-01,-0.013888160389085993
AZN.L,2025-01-01,0.08036598219359241
BATS.L,2025-01-01,0.10442256131002382
BP.L,2025-01-01,0.07237979456224723
DGE.L,2025-01-01,-0.04782510748768676
GSK.L,2025-01-01,0.042528595797190205
HSBA.L,2025-01-01,0.07409885160810914
LSEG.L,2025-01-01,0.0643447007694948
NG.L,2025-01-01,0.030886457228333598
RIO.L,2025-01-01,0.03495264053620487
SHEL.L,2025-01-01,0.07861245738965958
ULVR.L,2025-01-01,0.018301276775187968
VOD.L,2025-01-01,0.005548226784061315
^FTSE,2025-01-01,0.05949400687918192
AZN.L,2025-02-01,0.053691004883123464
BATS.L,2025-02-01,-0.035012988509369486
BP.L,2025-02-01,0.034677708220312735
DGE.L,2025-02-01,-0.11171391111810708
GSK.L,2025-02-01,0.04295261477671084
HSBA.L,2025-02-01,0.09888342523044612
LSEG.L,2025-02-01,-0.01591324982769117
NG.L,2025-02-01,-0.004910909846089338
RIO.L,2025-02-01,-0.020031593244630393
SHEL.L,2025-02-01,-0.015891443289139048
ULVR.L,2025-02-01,-0.03171483005657899
VOD.L,2025-02-01,0.021605387750962143
^FTSE,2025-02-01,0.015523363911894454
AZN.L,2025-03-01,-0.06151286185507103
BATS.L,2025-03-01,0.03050078768848454
BP.L,2025-03-01,-0.0028622756136485327
DGE.L,2025-03-01,-0.07112507928823593
GSK.L,2025-03-01,-0.0030733050610008412
HSBA.L,2025-03-01,-0.06578779862266325
LSEG.L,2025-03-01,-0.033043131648526625
NG.L,2025-03-01,0.03477295521603197
RIO.L,2025-03-01,-0.04388904239891315
SHEL.L,2025-03-01,0.069245835454719
ULVR.L,2025-03-01,0.02704352418602765
VOD.L,2025-03-01,0.03802529485111876
^FTSE,2025-03-01,-0.02609323149254855
AZN.L,2025-04-01,-0.04786641960464767
BATS.L,2025-04-01,0.020529434765540148
BP.L,2025-04-01,-0.21908165004134372
DGE.L,2025-04-01,0.03774953874865818
GSK.L,2025-04-01,0.01459886720703854
HSBA.L,2025-04-01,-0.049133490695183406
LSEG.L,2025-04-01,0.014373362578505288
NG.L,2025-04-01,0.07027982633854085
RIO.L,2025-04-01,-0.030887434862797325
SHEL.L,2025-04-01,-0.14630550800574155
ULVR.L,2025-04-01,0.03180978273417738
VOD.L,2025-04-01,0.004926080258845244
^FTSE,2025-04-01,-0.01029414842481068
AZN.L,2025-05-01,-7.460421047454661e-4
BATS.L,2025-05-01,0.026133325894523177
BP.L,2025-05-01,0.02677432688383677
DGE.L,2025-05-01,-0.03650927357214388
GSK.L,2025-05-01,0.01583440472159848
HSBA.L,2025-05-01,0.04841956065767396
LSEG.L,2025-05-01,-0.03057001634944929
NG.L,2025-05-01,-0.0339955580043111
RIO.L,2025-05-01,-0.010170776401300078
SHEL.L,2025-05-01,0.0037861581551353407
ULVR.L,2025-05-01,-0.010897223687518968
VOD.L,2025-05-01,0.0482310414114722
^FTSE,2025-05-01,0.032144444272365354
AZN.L,2025-06-01,-0.05759745793457894
BATS.L,2025-06-01,0.03813335162812054
BP.L,2025-06-01,0.016404001152391393
DGE.L,2025-06-01,-0.09838883472080355
GSK.L,2025-06-01,-0.08081717151088624
HSBA.L,2025-06-01,0.009800592308584785
LSEG.L,2025-06-01,-0.05843749737288725
NG.L,2025-06-01,0.014231783713298545
RIO.L,2025-06-01,-0.03631713926946945
SHEL.L,2025-06-01,0.041580927713297536
ULVR.L,2025-06-01,-0.06178046324058391
VOD.L,2025-06-01,0.011935115447225137
^FTSE,2025-06-01,-0.001300419995848409
AZN.L,2025-07-01,0.11241066381341096
BATS.L,2025-07-01,0.15410937402886138
BP.L,2025-07-01,0.10145623908646777
DGE.L,2025-07-01,0.013583491754322056
GSK.L,2025-07-01,0.019943741797227812
HSBA.L,2025-07-01,0.0454473333150118
LSEG.L,2025-07-01,-0.13844633697251085
NG.L,2025-07-01,-0.001414063873094838
RIO.L,2025-07-01,0.059113066580400754
SHEL.L,2025-07-01,0.05985268584694482
ULVR.L,2025-07-01,-0.0038492541346767314
VOD.L,2025-07-01,0.053078694103738173
^FTSE,2025-07-01,0.04156225379026935
AZN.L,2025-08-01,0.0403967715402793
BATS.L,2025-08-01,0.035262068806099695
BP.L,2025-08-01,0.06553554048736733
DGE.L,2025-08-01,0.10054587738041107
GSK.L,2025-08-01,0.024150261876904413
HSBA.L,2025-08-01,0.025646753860183367
LSEG.L,2025-08-01,-0.009933528194260586
NG.L,2025-08-01,-0.01808711981883229
RIO.L,2025-08-01,0.030523029169138884
SHEL.L,2025-08-01,0.004883515845411042
ULVR.L,2025-08-01,0.05396620461217428
VOD.L,2025-08-01,0.07445637190996483
^FTSE,2025-08-01,0.005949766861067696
AZN.L,2025-09-01,-0.05294637194482601
BATS.L,2025-09-01,-0.05855095581297118
BP.L,2025-09-01,-0.014804719272259712
DGE.L,2025-09-01,-0.14326977269708102
GSK.L,2025-09-01,0.08065152768665336
HSBA.L,2025-09-01,0.09878985809146473
LSEG.L,2025-09-01,-0.07377241294115076
NG.L,2025-09-01,0.025137642210442793
RIO.L,2025-09-01,0.05153561745923889
SHEL.L,2025-09-01,-0.028863404048682595
ULVR.L,2025-09-01,-0.0556925673818905
VOD.L,2025-09-01,-0.025213370843633353
^FTSE,2025-09-01,0.017597090574911413
AZN.L,2025-10-01,0.10902041708749155
BATS.L,2025-10-01,-0.010800329813600852
BP.L,2025-10-01,0.03813605863747246
DGE.L,2025-10-01,-0.01419639493601225
GSK.L,2025-10-01,0.12295646940564316
HSBA.L,2025-10-01,0.0174545082760194
LSEG.L,2025-10-01,0.10787028042415696
NG.L,2025-10-01,0.06570879753979388
RIO.L,2025-10-01,0.11551846720392724
SHEL.L,2025-10-01,0.07320340619409255
ULVR.L,2025-10-01,0.042057597925787595
VOD.L,2025-10-01,0.06710309280392082
^FTSE,2025-10-01,0.03848861709723967
AZN.L,2025-11-01,0.11387270043831386
BATS.L,2025-11-01,0.12436429070143593
BP.L,2025-11-01,0.02668261126094903
DGE.L,2025-11-01,-0.008320231615718838
GSK.L,2025-11-01,0.005967659441929117
HSBA.L,2025-11-01,0.006443263676400687
LSEG.L,2025-11-01,-0.0628672780602688
NG.L,2025-11-01,0.0058270225662362925
RIO.L,2025-11-01,-0.01173464143893769
SHEL.L,2025-11-01,-0.02263994297649399
ULVR.L,2025-11-01,-0.009765590514051332
VOD.L,2025-11-01,0.020443544378940408
^FTSE,2025-11-01,3.2927547084248026e-4
AZN.L,2025-12-01,-0.013254768325048497
BATS.L,2025-12-01,-0.04781111412211811
BP.L,2025-12-01,-0.04826195721986676
DGE.L,2025-12-01,-0.0791068161686314
GSK.L,2025-12-01,0.018531853815790495
HSBA.L,2025-12-01,0.09240088947059807
LSEG.L,2025-12-01,0.004927221614503024
NG.L,2025-12-01,-0.0043706363281089365
RIO.L,2025-12-01,0.10029421781799776
SHEL.L,2025-12-01,-0.01575120824144651
ULVR.L,2025-12-01,-2.2909116121054948e-5
VOD.L,2025-12-01,0.050399476040937204
^FTSE,2025-12-01,0.0214644368814812
AZN.L,2026-01-01,0.03098698696633826
BATS.L,2026-01-01,-0.060654285284393115
BP.L,2026-01-01,-0.034315883143494874
DGE.L,2026-01-01,-0.016664432170171183
GSK.L,2026-01-01,0.041337071491811955
HSBA.L,2026-01-01,0.014379000423524487
LSEG.L,2026-01-01,-0.006949921483810885
NG.L,2026-01-01,0.03697755762898991
RIO.L,2026-01-01,0.04310167635221883
SHEL.L,2026-01-01,-0.031324959519662035
ULVR.L,2026-01-01,-0.04816272446277331
VOD.L,2026-01-01,0.04373043973580398
^FTSE,2026-01-01,0.011692039063872764
